PC1,PC2,Time,MF,Filename
8.31706,-4.357055,4h,0.3MF,12WPI_0.3MF_4h_09.tif
11.417137,-5.4891157,4h,0.3MF,12WPI_0.3MF_4h_10.tif
9.241916,-7.356801,4h,0.3MF,12WPI_0.3MF_4h_07.tif
8.007795,-4.074483,4h,0.3MF,12WPI_0.3MF_4h_06.tif
6.2569513,-6.9542317,4h,0.3MF,12WPI_0.3MF_4h_08.tif
10.220007,-4.9470496,4h,0.3MF,12WPI_0.3MF_4h_04.tif
9.906638,-6.311449,4h,0.3MF,12WPI_0.3MF_4h_05.tif
6.577701,-5.2506475,4h,0.3MF,12WPI_0.3MF_4h_01.tif
-0.46727026,-2.8796563,4h,0.3MF,12WPI_0.3MF_4h_02.tif
-2.1841173,-7.0675077,4h,0.3MF,12WPI_0.3MF_4h_03.tif
6.537137,2.1369412,8h,0.3MF,12WPI_0.3MF_8h_01.tif
-2.8573842,-3.6754615,8h,0.3MF,12WPI_0.3MF_8h_02.tif
-2.8573842,-3.6754615,8h,0.3MF,12WPI_0.3MF_8h_03.tif
4.3034706,2.1135206,8h,0.3MF,12WPI_0.3MF_8h_04.tif
-3.8845615,-2.1694806,8h,0.3MF,12WPI_0.3MF_8h_09.tif
-0.5963498,-1.8903273,8h,0.3MF,12WPI_0.3MF_8h_06.tif
6.239077,2.8960009,8h,0.3MF,12WPI_0.3MF_8h_07.tif
-1.2397783,1.6304576,8h,0.3MF,12WPI_0.3MF_8h_08.tif
-1.1777401,0.724976,8h,0.3MF,12WPI_0.3MF_8h_10.tif
6.7011924,5.0684423,8h,0.3MF,12WPI_0.3MF_8h_05.tif
-2.388075,-0.4366355,12h,0.1MF,12WPI_0.1MF_12h_01.tif
1.9099326,1.068692,12h,0.1MF,12WPI_0.1MF_12h_02.tif
-6.126533,-0.94843066,12h,0.1MF,12WPI_0.1MF_12h_03.tif
-6.4242244,-1.7311894,12h,0.1MF,12WPI_0.1MF_12h_04.tif
-5.6990886,-4.2736607,12h,0.1MF,12WPI_0.1MF_12h_05.tif
-6.0650015,-2.7146332,12h,0.1MF,12WPI_0.1MF_12h_06.tif
-4.811321,0.7766218,12h,0.1MF,12WPI_0.1MF_12h_07.tif
2.6709309,1.5937501,12h,0.1MF,12WPI_0.1MF_12h_08.tif
-7.8634663,-2.09937,12h,0.1MF,12WPI_0.1MF_12h_09.tif
-2.9738796,-0.41529882,12h,0.1MF,12WPI_0.1MF_12h_10.tif
-2.8716404,0.22864479,12h,0.3MF,12WPI_0.3MF_12h_01.tif
-4.925985,1.2379243,12h,0.3MF,12WPI_0.3MF_12h_02.tif
-4.7566576,1.499814,12h,0.3MF,12WPI_0.3MF_12h_03.tif
-6.410824,-0.73261195,12h,0.3MF,12WPI_0.3MF_12h_04.tif
-7.6648493,-2.150994,12h,0.3MF,12WPI_0.3MF_12h_05.tif
-6.940836,-1.3291297,12h,0.3MF,12WPI_0.3MF_12h_07.tif
-4.8461323,0.30699393,12h,0.3MF,12WPI_0.3MF_12h_06.tif
-5.585142,1.5586146,12h,0.3MF,12WPI_0.3MF_12h_09.tif
0.9888166,2.8130581,12h,0.3MF,12WPI_0.3MF_12h_10.tif
4.69871,4.072971,12h,0.3MF,12WPI_0.3MF_12h_08.tif
-3.486067,0.9564033,12h,0.5MF,12WPI_0.5MF_12h_07.tif
0.2951025,2.4827971,12h,0.5MF,12WPI_0.5MF_12h_09.tif
-1.6287541,0.6300723,12h,0.5MF,12WPI_0.5MF_12h_08.tif
-2.9330938,-0.5768352,12h,0.5MF,12WPI_0.5MF_12h_06.tif
-5.6471014,0.6149654,12h,0.5MF,12WPI_0.5MF_12h_01.tif
-5.219674,-0.120434605,12h,0.5MF,12WPI_0.5MF_12h_04.tif
-8.555922,0.51682436,12h,0.5MF,12WPI_0.5MF_12h_03.tif
-8.01904,1.3039495,12h,0.5MF,12WPI_0.5MF_12h_02.tif
-6.390865,0.55169463,12h,0.5MF,12WPI_0.5MF_12h_05.tif
3.5161428,9.169273,std,0MF,12WPI_0MF_std_06.tif
2.389011,7.9055414,std,0MF,12WPI_0MF_std_01.tif
10.903687,3.4917614,std,0MF,12WPI_0MF_std_02.tif
8.061352,3.8316433,std,0MF,12WPI_0MF_std_03.tif
2.0457153,8.408817,std,0MF,12WPI_0MF_std_04.tif
10.651701,2.9523635,std,0MF,12WPI_0MF_std_05.tif
1.6415669,11.084422,std,0MF,12WPI_0MF_std_07.tif
