PC1,PC2,MF,Filename
-2.388075,-0.4366355,0.1MF,12WPI_0.1MF_12h_01.tif
1.9099326,1.068692,0.1MF,12WPI_0.1MF_12h_02.tif
-6.126533,-0.94843066,0.1MF,12WPI_0.1MF_12h_03.tif
-6.4242244,-1.7311894,0.1MF,12WPI_0.1MF_12h_04.tif
-5.6990886,-4.2736607,0.1MF,12WPI_0.1MF_12h_05.tif
-6.0650015,-2.7146332,0.1MF,12WPI_0.1MF_12h_06.tif
-4.811321,0.7766218,0.1MF,12WPI_0.1MF_12h_07.tif
2.6709309,1.5937501,0.1MF,12WPI_0.1MF_12h_08.tif
-7.8634663,-2.09937,0.1MF,12WPI_0.1MF_12h_09.tif
-2.9738796,-0.41529882,0.1MF,12WPI_0.1MF_12h_10.tif
4.69871,4.072971,0.3MF,12WPI_0.3MF_12h_08.tif
0.9888166,2.8130581,0.3MF,12WPI_0.3MF_12h_10.tif
-5.585142,1.5586146,0.3MF,12WPI_0.3MF_12h_09.tif
-4.8461323,0.30699393,0.3MF,12WPI_0.3MF_12h_06.tif
-6.940836,-1.3291297,0.3MF,12WPI_0.3MF_12h_07.tif
-7.6648493,-2.150994,0.3MF,12WPI_0.3MF_12h_05.tif
-6.410824,-0.73261195,0.3MF,12WPI_0.3MF_12h_04.tif
-4.7566576,1.499814,0.3MF,12WPI_0.3MF_12h_03.tif
-4.925985,1.2379243,0.3MF,12WPI_0.3MF_12h_02.tif
-2.8716404,0.22864479,0.3MF,12WPI_0.3MF_12h_01.tif
-3.486067,0.9564033,0.5MF,12WPI_0.5MF_12h_07.tif
0.2951025,2.4827971,0.5MF,12WPI_0.5MF_12h_09.tif
-1.6287541,0.6300723,0.5MF,12WPI_0.5MF_12h_08.tif
-2.9330938,-0.5768352,0.5MF,12WPI_0.5MF_12h_06.tif
-5.6471014,0.6149654,0.5MF,12WPI_0.5MF_12h_01.tif
-5.219674,-0.120434605,0.5MF,12WPI_0.5MF_12h_04.tif
-8.555922,0.51682436,0.5MF,12WPI_0.5MF_12h_03.tif
-8.01904,1.3039495,0.5MF,12WPI_0.5MF_12h_02.tif
-6.390865,0.55169463,0.5MF,12WPI_0.5MF_12h_05.tif
3.5161428,9.169273,0MF,12WPI_0MF_std_06.tif
2.389011,7.9055414,0MF,12WPI_0MF_std_01.tif
10.903687,3.4917614,0MF,12WPI_0MF_std_02.tif
8.061352,3.8316433,0MF,12WPI_0MF_std_03.tif
2.0457153,8.408817,0MF,12WPI_0MF_std_04.tif
10.651701,2.9523635,0MF,12WPI_0MF_std_05.tif
1.6415669,11.084422,0MF,12WPI_0MF_std_07.tif
